<?xml version="1.0" encoding="UTF-8"?>
<project-private xmlns="http://www.netbeans.org/ns/project-private/1">
    <editor-bookmarks xmlns="http://www.netbeans.org/ns/editor-bookmarks/2" lastBookmarkId="0"/>
    <open-files xmlns="http://www.netbeans.org/ns/projectui-open-files/2">
        <group>
            <file>file:/C:/xampp/htdocs/Feedbacksystem/submit%20(1).php</file>
            <file>file:/C:/xampp/htdocs/Feedbacksystem/cestudent.php</file>
            <file>file:/C:/xampp/htdocs/Feedbacksystem/admin.php</file>
            <file>file:/C:/xampp/htdocs/Feedbacksystem/form%20(1).php</file>
            <file>file:/C:/xampp/htdocs/Feedbacksystem/faculty.php</file>
            <file>file:/C:/xampp/htdocs/Feedbacksystem/student.php</file>
            <file>file:/C:/xampp/htdocs/Feedbacksystem/captcha.php</file>
            <file>file:/C:/xampp/htdocs/Feedbacksystem/estudent.php</file>
            <file>file:/C:/xampp/htdocs/Feedbacksystem/eadmin.php</file>
            <file>file:/C:/xampp/htdocs/Feedbacksystem/captchafont.php</file>
            <file>file:/C:/xampp/htdocs/Feedbacksystem/cefaculty.php</file>
            <file>file:/C:/xampp/htdocs/Feedbacksystem/ceadmin.php</file>
            <file>file:/C:/xampp/htdocs/Feedbacksystem/efaculty.php</file>
        </group>
    </open-files>
</project-private>
